timestamp,model,symbol,date,action,direction,position_description,asset_price,theoretical_portfolio_value,cumulative_return_pct,daily_log_return,status
250808_235624,Qwen_Qwen2.5-7B-Instruct,JNJ,2020-03-12,SELL,-1,Short Position (100%),111.58531188964844,100000.0,0.0,0.0,test
250808_235624,Qwen_Qwen2.5-7B-Instruct,JNJ,2020-03-13,BUY,1,Long Position (100%),119.48640441894531,93387.45477552916,-6.6125452244708445,-0.06841316695314313,test
250808_235624,Qwen_Qwen2.5-7B-Instruct,JNJ,2020-03-16,SELL,-1,Short Position (100%),113.11568450927734,88408.26638715257,-11.591733612847433,-0.054791542596362756,test
250808_235624,Qwen_Qwen2.5-7B-Instruct,JNJ,2020-03-17,BUY,1,Long Position (100%),121.53286743164062,82285.24332552483,-17.71475667447516,-0.07177368828891137,test
250808_235624,Qwen_Qwen2.5-7B-Instruct,JNJ,2020-03-18,BUY,1,Long Position (100%),120.08255767822266,81303.29421595985,-18.69670578404016,-0.012005253155293685,test
250808_235624,Qwen_Qwen2.5-7B-Instruct,JNJ,2020-03-19,BUY,1,Long Position (100%),113.04450988769531,76538.10199085284,-23.461898009147163,-0.06039785291530611,test
250808_235624,Qwen_Qwen2.5-7B-Instruct,JNJ,2020-03-20,BUY,1,Long Position (100%),106.6738052368164,72224.74221064785,-27.775257789352146,-0.05800600498689607,test
250808_235624,Qwen_Qwen2.5-7B-Instruct,JNJ,2020-03-23,SELL,-1,Short Position (100%),98.88835144042969,66953.51004461959,-33.04648995538041,-0.0757841784783612,test
250808_235624,Qwen_Qwen2.5-7B-Instruct,JNJ,2020-03-24,SELL,-1,Short Position (100%),106.04206085205078,62436.75555023539,-37.56324444976461,-0.06984436539547888,test
250808_235624,Qwen_Qwen2.5-7B-Instruct,JNJ,2020-03-25,SELL,-1,Short Position (100%),106.23782348632812,62321.70440045522,-37.678295599544775,-0.0018443828569256323,test
250808_235624,Qwen_Qwen2.5-7B-Instruct,JNJ,2020-03-26,BUY,1,Long Position (100%),112.61741638183594,58791.28152801922,-41.208718471980774,-0.05831617978341497,test
250808_235624,Qwen_Qwen2.5-7B-Instruct,JNJ,2020-03-27,SELL,-1,Short Position (100%),109.58334350585938,57207.36104432363,-42.79263895567637,-0.027310990885962203,test
250808_235624,Qwen_Qwen2.5-7B-Instruct,JNJ,2020-03-30,BUY,1,Long Position (100%),118.34751892089844,52970.89413909822,-47.02910586090178,-0.07693998417426848,test
250808_235624,Qwen_Qwen2.5-7B-Instruct,JNJ,2020-03-31,BUY,1,Long Position (100%),116.67475128173828,52222.18391398158,-47.77781608601842,-0.01423521171220576,test
250808_235624,Qwen_Qwen2.5-7B-Instruct,JNJ,2020-04-01,SELL,-1,Short Position (100%),114.61048889160156,51298.24545257336,-48.70175454742663,-0.017850833917951572,test
250808_235624,Qwen_Qwen2.5-7B-Instruct,JNJ,2020-04-02,SELL,-1,Short Position (100%),118.4720687866211,49626.18658402929,-50.373813415970716,-0.033137900152933976,test
250808_235624,Qwen_Qwen2.5-7B-Instruct,JNJ,2020-04-03,SELL,-1,Short Position (100%),119.37960815429688,49248.921834304034,-50.75107816569597,-0.007631174045462331,test
250808_235624,Qwen_Qwen2.5-7B-Instruct,JNJ,2020-04-06,BUY,1,Long Position (100%),124.35340118408203,47279.1008096158,-52.72089919038421,-0.040819121181363875,test
250808_235624,Qwen_Qwen2.5-7B-Instruct,JNJ,2020-04-07,SELL,-1,Short Position (100%),122.32474517822266,46507.80681286314,-53.49219318713686,-0.016448167557557392,test
250808_235624,Qwen_Qwen2.5-7B-Instruct,JNJ,2020-04-08,BUY,1,Long Position (100%),127.46759033203125,44631.3890641729,-55.3686109358271,-0.0411827847922697,test
250808_235624,Qwen_Qwen2.5-7B-Instruct,JNJ,2020-04-09,BUY,1,Long Position (100%),125.66139221191406,43998.96845579751,-56.00103154420248,-0.014271212701000435,test
250808_235624,Qwen_Qwen2.5-7B-Instruct,JNJ,2020-04-13,SELL,-1,Short Position (100%),124.3623046875,43544.10710178973,-56.455892898210266,-0.010391808705932787,test
250808_235624,Qwen_Qwen2.5-7B-Instruct,JNJ,2020-04-14,SELL,-1,Short Position (100%),129.93223571777344,41677.45967598366,-58.32254032401634,-0.04381393343634379,test
250808_235624,Qwen_Qwen2.5-7B-Instruct,JNJ,2020-04-15,SELL,-1,Short Position (100%),131.38255310058594,41217.38683668307,-58.782613163316924,-0.01110026938158912,test
250808_235624,Qwen_Qwen2.5-7B-Instruct,JNJ,2020-04-16,SELL,-1,Short Position (100%),133.17098999023438,40663.852653907685,-59.33614734609232,-0.013520621297291433,test
250808_235624,Qwen_Qwen2.5-7B-Instruct,JNJ,2020-04-17,BUY,1,Long Position (100%),135.2619171142578,40035.25626628199,-59.96474373371801,-0.015579084075628493,test
250808_235624,Qwen_Qwen2.5-7B-Instruct,JNJ,2020-04-20,BUY,1,Long Position (100%),134.9504852294922,39943.07765768257,-60.056922342317435,-0.0023050905137017106,test
250808_235624,Qwen_Qwen2.5-7B-Instruct,JNJ,2020-04-21,SELL,-1,Short Position (100%),133.1798553466797,39419.000943234874,-60.58099905676513,-0.013207424548884097,test
250808_235624,Qwen_Qwen2.5-7B-Instruct,JNJ,2020-04-22,SELL,-1,Short Position (100%),136.125,38566.14761087714,-61.43385238912287,-0.021873070720211763,test
250808_235624,Qwen_Qwen2.5-7B-Instruct,JNJ,2020-04-23,BUY,1,Long Position (100%),138.36720275878906,37941.193713964734,-62.058806286035264,-0.016337459561395498,test
250808_235624,Qwen_Qwen2.5-7B-Instruct,JNJ,2020-04-24,BUY,1,Long Position (100%),137.78883361816406,37782.601105563976,-62.21739889443603,-0.0041887187682310536,test
250808_235624,Qwen_Qwen2.5-7B-Instruct,JNJ,2020-04-27,BUY,1,Long Position (100%),137.2816619873047,37643.531320896815,-62.35646867910318,-0.0036875798290414478,test
250808_235624,Qwen_Qwen2.5-7B-Instruct,JNJ,2020-04-28,BUY,1,Long Position (100%),134.7013702392578,36935.99841498228,-63.06400158501773,-0.018974486326627463,test
250808_235624,Qwen_Qwen2.5-7B-Instruct,JNJ,2020-04-29,BUY,1,Long Position (100%),133.6781463623047,36655.42372275619,-63.34457627724382,-0.007625237930134454,test
250808_235624,Qwen_Qwen2.5-7B-Instruct,JNJ,2020-04-30,BUY,1,Long Position (100%),133.5001983642578,36606.62921560207,-63.39337078439793,-0.001332054246694994,test
250808_235624,Qwen_Qwen2.5-7B-Instruct,JNJ,2020-05-01,BUY,1,Long Position (100%),131.94309997558594,36179.66263379373,-63.82033736620627,-0.011732194851845793,test
250808_235624,Qwen_Qwen2.5-7B-Instruct,JNJ,2020-05-04,SELL,-1,Short Position (100%),131.92529296875,36174.779835830355,-63.82522016416965,-0.00013496885067799052,test
250808_235624,Qwen_Qwen2.5-7B-Instruct,JNJ,2020-05-05,BUY,1,Long Position (100%),133.01968383789062,35877.159606979476,-64.12284039302052,-0.008261316040880163,test
250808_235624,Qwen_Qwen2.5-7B-Instruct,JNJ,2020-05-06,BUY,1,Long Position (100%),131.7562713623047,35536.40063260629,-64.46359936739371,-0.009543329290641153,test
250808_235624,Qwen_Qwen2.5-7B-Instruct,JNJ,2020-05-07,SELL,-1,Short Position (100%),131.3202362060547,35418.796211638786,-64.58120378836121,-0.0033148954238629465,test
250808_235624,Qwen_Qwen2.5-7B-Instruct,JNJ,2020-05-08,SELL,-1,Short Position (100%),132.3079376220703,35154.38883139731,-64.84561116860269,-0.00749317512689885,test
250808_235624,Qwen_Qwen2.5-7B-Instruct,JNJ,2020-05-11,BUY,1,Long Position (100%),132.6726837158203,35057.74176249588,-64.94225823750412,-0.002753003765156907,test
250808_235624,Qwen_Qwen2.5-7B-Instruct,JNJ,2020-05-12,BUY,1,Long Position (100%),130.91986083984375,34594.571726130256,-65.40542827386975,-0.013299683537677146,test
250808_235624,Qwen_Qwen2.5-7B-Instruct,JNJ,2020-05-13,SELL,-1,Short Position (100%),130.91098022460938,34592.22509148883,-65.40777490851117,-6.783475316875097e-05,test
250808_235624,Qwen_Qwen2.5-7B-Instruct,JNJ,2020-05-14,SELL,-1,Short Position (100%),131.36477661132812,34472.72710154039,-65.52727289845961,-0.003460455857871981,test
250808_235624,Qwen_Qwen2.5-7B-Instruct,JNJ,2020-05-15,SELL,-1,Short Position (100%),133.8561248779297,33831.11605096072,-66.16888394903928,-0.01878752039002491,test
250808_235624,Qwen_Qwen2.5-7B-Instruct,JNJ,2020-05-18,BUY,1,Long Position (100%),133.92727661132812,33813.142546154704,-66.18685745384529,-0.0005314125870175422,test
250808_235624,Qwen_Qwen2.5-7B-Instruct,JNJ,2020-05-19,BUY,1,Long Position (100%),132.59263610839844,33476.18064626929,-66.5238193537307,-0.01001539919157257,test
250808_235624,Qwen_Qwen2.5-7B-Instruct,JNJ,2020-05-20,BUY,1,Long Position (100%),131.40036010742188,33175.16206816158,-66.82483793183842,-0.009032694991894562,test
250808_235624,Qwen_Qwen2.5-7B-Instruct,JNJ,2020-05-21,BUY,1,Long Position (100%),130.5373077392578,32957.263866332105,-67.04273613366789,-0.006589777624880551,test
250808_235624,Qwen_Qwen2.5-7B-Instruct,JNJ,2020-05-22,SELL,-1,Short Position (100%),129.34567260742188,32656.407090959085,-67.34359290904092,-0.009170615802774788,test
250808_235624,Qwen_Qwen2.5-7B-Instruct,JNJ,2020-05-26,SELL,-1,Short Position (100%),129.51589965820312,32613.48568993514,-67.38651431006485,-0.0013151977238555332,test
250808_235624,Qwen_Qwen2.5-7B-Instruct,JNJ,2020-05-27,SELL,-1,Short Position (100%),129.81155395507812,32539.206345096256,-67.46079365490374,-0.002280162943423933,test
250808_235624,Qwen_Qwen2.5-7B-Instruct,JNJ,2020-05-28,SELL,-1,Short Position (100%),131.6751251220703,32078.68559992655,-67.92131440007346,-0.014253901773140787,test
250808_235624,Qwen_Qwen2.5-7B-Instruct,JNJ,2020-05-29,BUY,1,Long Position (100%),133.26986694335938,31694.823721232486,-68.3051762787675,-0.012038431589027909,test
250808_235624,Qwen_Qwen2.5-7B-Instruct,JNJ,2020-06-01,SELL,-1,Short Position (100%),131.87222290039062,31362.429890707,-68.637570109293,-0.010542701758733942,test
250808_235624,Qwen_Qwen2.5-7B-Instruct,JNJ,2020-06-02,SELL,-1,Short Position (100%),132.8218994140625,31138.188532841486,-68.8618114671585,-0.0071756832399765096,test
250808_235624,Qwen_Qwen2.5-7B-Instruct,JNJ,2020-06-03,BUY,1,Long Position (100%),133.1802520751953,31054.403943536923,-68.94559605646307,-0.002694360747966077,test
250808_235624,Qwen_Qwen2.5-7B-Instruct,JNJ,2020-06-04,SELL,-1,Short Position (100%),131.46006774902344,30653.298688892104,-69.34670131110789,-0.013000351227542138,test
250808_235624,Qwen_Qwen2.5-7B-Instruct,JNJ,2020-06-05,BUY,1,Long Position (100%),131.9707489013672,30534.681025296966,-69.46531897470302,-0.0038771606038067487,test
250808_235624,Qwen_Qwen2.5-7B-Instruct,JNJ,2020-06-08,BUY,1,Long Position (100%),131.4959259033203,30424.8190376252,-69.5751809623748,-0.003604429383490581,test
250808_235624,Qwen_Qwen2.5-7B-Instruct,JNJ,2020-06-09,SELL,-1,Short Position (100%),130.7702178955078,30256.908627776575,-69.74309137222343,-0.005534148247088991,test
250808_235624,Qwen_Qwen2.5-7B-Instruct,JNJ,2020-06-10,BUY,1,Long Position (100%),132.41871643066406,29880.236274383366,-70.11976372561664,-0.012527275114512206,test
250808_235624,Qwen_Qwen2.5-7B-Instruct,JNJ,2020-06-11,SELL,-1,Short Position (100%),126.20989227294922,28479.217311057593,-71.5207826889424,-0.048022663565327646,test
